external_data,Category1
moebel_26,Badezimmer
moebel_327,Badezimmer
moebel_537,Badezimmer
moebel_943,Badezimmer
moebel_409,Badezimmer
moebel_942,Badezimmer
moebel_940,Badezimmer
moebel_941,Badezimmer
moebel_760,Badezimmer
moebel_758,Badezimmer
moebel_414,Badezimmer
moebel_787,Badezimmer
moebel_413,Badezimmer
moebel_416,Badezimmer
moebel_4158,Badezimmer
moebel_774,Badezimmer
moebel_780,Badezimmer
moebel_735,Badezimmer
moebel_415,Badezimmer
moebel_404,Badezimmer
moebel_704,Badezimmer
moebel_710,Badezimmer
moebel_695,Badezimmer
moebel_702,Badezimmer
moebel_1220,Badezimmer
moebel_848,Badezimmer
moebel_711,Badezimmer
moebel_721,Badezimmer
moebel_4554,Badezimmer
moebel_4557,Badezimmer
moebel_330,Badezimmer
moebel_417,Badezimmer
moebel_729,Badezimmer
moebel_630,Badezimmer
moebel_269,Badezimmer
moebel_4063,Badezimmer
moebel_324,Badezimmer
moebel_394,Badezimmer
moebel_397,Badezimmer
moebel_396,Badezimmer
moebel_955,Badezimmer
moebel_4078,Badezimmer
moebel_395,Badezimmer
moebel_588,Badezimmer
moebel_623,Badezimmer
moebel_328,Badezimmer
moebel_598,Badezimmer
moebel_325,Badezimmer
moebel_945,Badezimmer
moebel_946,Badezimmer
moebel_405,Badezimmer
moebel_537,Badezimmer
moebel_744,Badezimmer
moebel_1219,Badezimmer
moebel_943,Badezimmer
moebel_412,Badezimmer
moebel_722,Badezimmer
moebel_411,Badezimmer
moebel_418,Badezimmer
moebel_731,Badezimmer
moebel_747,Badezimmer
moebel_1299,Badezimmer
moebel_754,Badezimmer
moebel_776,Badezimmer
moebel_795,Badezimmer
moebel_1119,Badezimmer
moebel_1118,Badezimmer
moebel_1120,Badezimmer
moebel_797,Badezimmer
moebel_798,Badezimmer
moebel_930,Badezimmer
moebel_508,Badezimmer
moebel_931,Badezimmer
moebel_507,Badezimmer
moebel_506,Badezimmer
moebel_952,Badezimmer
moebel_953,Badezimmer
moebel_954,Badezimmer
moebel_395,Badezimmer
moebel_406,Badezimmer
moebel_743,Badezimmer
moebel_735,Badezimmer
moebel_676,Badezimmer
moebel_582,Badezimmer
moebel_779,Badezimmer
moebel_808,Badezimmer
moebel_635,Badezimmer
moebel_1122,Badezimmer
moebel_1121,Badezimmer
moebel_939,Badezimmer
moebel_951,Badezimmer
moebel_938,Badezimmer
moebel_937,Badezimmer
moebel_636,Badezimmer
moebel_918,Baumarkt
moebel_929,Baumarkt
moebel_327,Baumarkt
moebel_537,Baumarkt
moebel_943,Baumarkt
moebel_409,Baumarkt
moebel_942,Baumarkt
moebel_940,Baumarkt
moebel_941,Baumarkt
moebel_404,Baumarkt
moebel_704,Baumarkt
moebel_710,Baumarkt
moebel_695,Baumarkt
moebel_702,Baumarkt
moebel_1220,Baumarkt
moebel_848,Baumarkt
moebel_711,Baumarkt
moebel_721,Baumarkt
moebel_707,Baumarkt
moebel_405,Baumarkt
moebel_537,Baumarkt
moebel_744,Baumarkt
moebel_1219,Baumarkt
moebel_943,Baumarkt
moebel_412,Baumarkt
moebel_722,Baumarkt
moebel_411,Baumarkt
moebel_973,Baumarkt
moebel_974,Baumarkt
moebel_977,Baumarkt
moebel_975,Baumarkt
moebel_976,Baumarkt
moebel_978,Baumarkt
moebel_930,Baumarkt
moebel_508,Baumarkt
moebel_931,Baumarkt
moebel_507,Baumarkt
moebel_506,Baumarkt
moebel_693,Baumarkt
moebel_406,Baumarkt
moebel_743,Baumarkt
moebel_735,Baumarkt
moebel_676,Baumarkt
moebel_582,Baumarkt
moebel_347,Baumarkt
moebel_762,Baumarkt
moebel_4479,Baumarkt
moebel_469,Baumarkt
moebel_1221,Baumarkt
moebel_466,Baumarkt
moebel_468,Baumarkt
moebel_882,Baumarkt
moebel_467,Baumarkt
moebel_881,Baumarkt
moebel_355,Baumarkt
moebel_1039,Baumarkt
moebel_1045,Baumarkt
moebel_1040,Baumarkt
moebel_1044,Baumarkt
moebel_1043,Baumarkt
moebel_1042,Baumarkt
moebel_1041,Baumarkt
moebel_1046,Baumarkt
moebel_1047,Baumarkt
moebel_1049,Baumarkt
moebel_1048,Baumarkt
moebel_1050,Baumarkt
moebel_1123,Baumarkt
moebel_1124,Baumarkt
moebel_1125,Baumarkt
moebel_1126,Baumarkt
moebel_1129,Baumarkt
moebel_1127,Baumarkt
moebel_1128,Baumarkt
moebel_1130,Baumarkt
moebel_932,Baumarkt
moebel_602,Baumarkt
moebel_933,Baumarkt
moebel_934,Baumarkt
moebel_935,Baumarkt
moebel_707,Baumarkt
moebel_936,Baumarkt
moebel_781,Baumarkt
moebel_1000,Baumarkt
moebel_998,Baumarkt
moebel_999,Baumarkt
moebel_1001,Baumarkt
moebel_1002,Baumarkt
moebel_1003,Baumarkt
moebel_1004,Baumarkt
moebel_1005,Baumarkt
moebel_782,Baumarkt
moebel_1006,Baumarkt
moebel_1008,Baumarkt
moebel_1009,Baumarkt
moebel_783,Baumarkt
moebel_784,Baumarkt
moebel_65,Baumarkt
moebel_90,Baumarkt
moebel_1010,Baumarkt
moebel_1011,Baumarkt
moebel_1012,Baumarkt
moebel_1014,Baumarkt
moebel_1013,Baumarkt
moebel_87,Baumarkt
moebel_86,Baumarkt
moebel_4103,Baumarkt
moebel_88,Baumarkt
moebel_89,Baumarkt
moebel_1025,Baumarkt
moebel_1026,Baumarkt
moebel_1028,Baumarkt
moebel_1029,Baumarkt
moebel_1030,Baumarkt
moebel_1031,Baumarkt
moebel_1027,Baumarkt
moebel_956,Baumarkt
moebel_349,Baumarkt
moebel_1132,Baumarkt
moebel_1133,Baumarkt
moebel_474,Baumarkt
moebel_475,Baumarkt
moebel_473,Baumarkt
moebel_1131,Baumarkt
moebel_1032,Baumarkt
moebel_1134,Baumarkt
moebel_471,Baumarkt
moebel_908,Baumarkt
moebel_906,Baumarkt
moebel_1017,Baumarkt
moebel_904,Baumarkt
moebel_1015,Baumarkt
moebel_1018,Baumarkt
moebel_907,Baumarkt
moebel_979,Baumarkt
moebel_993,Baumarkt
moebel_995,Baumarkt
moebel_996,Baumarkt
moebel_985,Baumarkt
moebel_1228,Baumarkt
moebel_986,Baumarkt
moebel_987,Baumarkt
moebel_980,Baumarkt
moebel_1135,Baumarkt
moebel_982,Baumarkt
moebel_984,Baumarkt
moebel_934,Baumarkt
moebel_988,Baumarkt
moebel_989,Baumarkt
moebel_990,Baumarkt
moebel_981,Baumarkt
moebel_994,Baumarkt
moebel_991,Baumarkt
moebel_992,Baumarkt
moebel_8961,Baumarkt
moebel_1019,Baumarkt
moebel_1020,Baumarkt
moebel_1024,Baumarkt
moebel_1023,Baumarkt
moebel_1022,Baumarkt
moebel_1021,Baumarkt
moebel_348,Baumarkt
moebel_908,Baumarkt
moebel_642,Baumarkt
moebel_4552,Baumarkt
moebel_1033,Baumarkt
moebel_4007,Baumarkt
moebel_351,Baumarkt
moebel_482,Baumarkt
moebel_484,Baumarkt
moebel_486,Baumarkt
moebel_485,Baumarkt
moebel_483,Baumarkt
moebel_763,Baumarkt
moebel_522,Baumarkt
moebel_481,Baumarkt
moebel_27,Büromöbel
moebel_1093,Büromöbel
moebel_1098,Büromöbel
moebel_1094,Büromöbel
moebel_1095,Büromöbel
moebel_1099,Büromöbel
moebel_1096,Büromöbel
moebel_1097,Büromöbel
moebel_337,Büromöbel
moebel_440,Büromöbel
moebel_438,Büromöbel
moebel_437,Büromöbel
moebel_957,Büromöbel
moebel_958,Büromöbel
moebel_439,Büromöbel
moebel_959,Büromöbel
moebel_558,Büromöbel
moebel_273,Büromöbel
moebel_609,Büromöbel
moebel_926,Büromöbel
moebel_564,Büromöbel
moebel_719,Büromöbel
moebel_720,Büromöbel
moebel_563,Büromöbel
moebel_562,Büromöbel
moebel_278,Büromöbel
moebel_262,Büromöbel
moebel_275,Büromöbel
moebel_759,Büromöbel
moebel_712,Büromöbel
moebel_717,Büromöbel
moebel_716,Büromöbel
moebel_714,Büromöbel
moebel_715,Büromöbel
moebel_713,Büromöbel
moebel_605,Büromöbel
moebel_334,Büromöbel
moebel_928,Büromöbel
moebel_430,Büromöbel
moebel_432,Büromöbel
moebel_709,Büromöbel
moebel_431,Büromöbel
moebel_429,Büromöbel
moebel_428,Büromöbel
moebel_332,Büromöbel
moebel_425,Büromöbel
moebel_612,Büromöbel
moebel_427,Büromöbel
moebel_426,Büromöbel
moebel_1218,Büromöbel
moebel_331,Büromöbel
moebel_421,Büromöbel
moebel_4178,Büromöbel
moebel_419,Büromöbel
moebel_581,Büromöbel
moebel_451,Büromöbel
moebel_420,Büromöbel
moebel_610,Büromöbel
moebel_333,Büromöbel
moebel_611,Büromöbel
moebel_9068,Büromöbel
moebel_9069,Büromöbel
moebel_423,Büromöbel
moebel_422,Büromöbel
moebel_672,Büromöbel
moebel_9070,Büromöbel
moebel_674,Büromöbel
moebel_1100,Büromöbel
moebel_1101,Büromöbel
moebel_1102,Büromöbel
moebel_1104,Büromöbel
moebel_1103,Büromöbel
moebel_703,Büromöbel
moebel_705,Büromöbel
moebel_542,Büromöbel
moebel_673,Büromöbel
moebel_336,Büromöbel
moebel_435,Büromöbel
moebel_436,Büromöbel
moebel_434,Büromöbel
moebel_1106,Büromöbel
moebel_1105,Büromöbel
moebel_960,Büromöbel
moebel_32,Dekoration
moebel_641,Dekoration
moebel_171,Dekoration
moebel_183,Dekoration
moebel_184,Dekoration
moebel_178,Dekoration
moebel_1289,Dekoration
moebel_185,Dekoration
moebel_653,Dekoration
moebel_604,Dekoration
moebel_173,Dekoration
moebel_741,Dekoration
moebel_4017,Dekoration
moebel_1284,Dekoration
moebel_4009,Dekoration
moebel_1283,Dekoration
moebel_4013,Dekoration
moebel_1035,Dekoration
moebel_4011,Dekoration
moebel_4019,Dekoration
moebel_4021,Dekoration
moebel_4022,Dekoration
moebel_1034,Dekoration
moebel_8995,Dekoration
moebel_197,Dekoration
moebel_181,Dekoration
moebel_524,Dekoration
moebel_243,Dekoration
moebel_239,Dekoration
moebel_730,Dekoration
moebel_1287,Dekoration
moebel_476,Dekoration
moebel_240,Dekoration
moebel_242,Dekoration
moebel_176,Dekoration
moebel_221,Dekoration
moebel_222,Dekoration
moebel_224,Dekoration
moebel_761,Dekoration
moebel_523,Dekoration
moebel_180,Dekoration
moebel_232,Dekoration
moebel_1111,Dekoration
moebel_237,Dekoration
moebel_4144,Dekoration
moebel_1223,Dekoration
moebel_1224,Dekoration
moebel_949,Dekoration
moebel_174,Dekoration
moebel_198,Dekoration
moebel_215,Dekoration
moebel_199,Dekoration
moebel_182,Dekoration
moebel_134,Dekoration
moebel_249,Dekoration
moebel_250,Dekoration
moebel_246,Dekoration
moebel_175,Dekoration
moebel_218,Dekoration
moebel_217,Dekoration
moebel_216,Dekoration
moebel_219,Dekoration
moebel_177,Dekoration
moebel_228,Dekoration
moebel_227,Dekoration
moebel_472,Dekoration
moebel_896,Dekoration
moebel_895,Dekoration
moebel_1276,Dekoration
moebel_893,Dekoration
moebel_948,Dekoration
moebel_739,Dekoration
moebel_4104,Dekoration
moebel_8913,Dekoration
moebel_4106,Dekoration
moebel_4105,Dekoration
moebel_738,Dekoration
moebel_4119,Dekoration
moebel_737,Dekoration
moebel_4127,Dekoration
moebel_618,Dekoration
moebel_28,Flur
moebel_284,Flur
moebel_544,Flur
moebel_199,Flur
moebel_545,Flur
moebel_293,Flur
moebel_280,Flur
moebel_4573,Flur
moebel_287,Flur
moebel_4570,Flur
moebel_286,Flur
moebel_289,Flur
moebel_288,Flur
moebel_606,Flur
moebel_147,Flur
moebel_634,Flur
moebel_1112,Flur
moebel_4257,Flur
moebel_804,Flur
moebel_805,Flur
moebel_778,Flur
moebel_803,Flur
moebel_777,Flur
moebel_1038,Flur
moebel_265,Flur
moebel_619,Flur
moebel_548,Flur
moebel_277,Flur
moebel_272,Flur
moebel_273,Flur
moebel_609,Flur
moebel_926,Flur
moebel_564,Flur
moebel_719,Flur
moebel_720,Flur
moebel_563,Flur
moebel_562,Flur
moebel_262,Flur
moebel_275,Flur
moebel_759,Flur
moebel_712,Flur
moebel_717,Flur
moebel_716,Flur
moebel_714,Flur
moebel_715,Flur
moebel_713,Flur
moebel_263,Flur
moebel_877,Flur
moebel_706,Flur
moebel_283,Flur
moebel_292,Flur
moebel_291,Flur
moebel_590,Flur
moebel_607,Flur
moebel_281,Flur
moebel_543,Flur
moebel_997,Flur
moebel_75,Flur
moebel_4580,Flur
moebel_31,Garten
moebel_271,Garten
moebel_726,Garten
moebel_725,Garten
moebel_556,Garten
moebel_4218,Garten
moebel_727,Garten
moebel_557,Garten
moebel_555,Garten
moebel_724,Garten
moebel_728,Garten
moebel_8984,Garten
moebel_8987,Garten
moebel_8997,Garten
moebel_8986,Garten
moebel_8985,Garten
moebel_9013,Garten
moebel_9004,Garten
moebel_8990,Garten
moebel_8992,Garten
moebel_8993,Garten
moebel_8994,Garten
moebel_8988,Garten
moebel_9003,Garten
moebel_8989,Garten
moebel_9016,Garten
moebel_9015,Garten
moebel_4550,Garten
moebel_764,Garten
moebel_1051,Garten
moebel_1054,Garten
moebel_1052,Garten
moebel_8963,Garten
moebel_1053,Garten
moebel_1056,Garten
moebel_495,Garten
moebel_1062,Garten
moebel_9039,Garten
moebel_9044,Garten
moebel_9041,Garten
moebel_9040,Garten
moebel_1136,Garten
moebel_1063,Garten
moebel_1067,Garten
moebel_1066,Garten
moebel_9042,Garten
moebel_1068,Garten
moebel_1065,Garten
moebel_1059,Garten
moebel_1061,Garten
moebel_1064,Garten
moebel_1069,Garten
moebel_599,Garten
moebel_352,Garten
moebel_496,Garten
moebel_1225,Garten
moebel_490,Garten
moebel_491,Garten
moebel_487,Garten
moebel_488,Garten
moebel_489,Garten
moebel_492,Garten
moebel_4561,Garten
moebel_4541,Garten
moebel_4032,Garten
moebel_497,Garten
moebel_4030,Garten
moebel_601,Garten
moebel_600,Garten
moebel_353,Garten
moebel_1057,Garten
moebel_499,Garten
moebel_498,Garten
moebel_1072,Garten
moebel_1071,Garten
moebel_1070,Garten
moebel_501,Garten
moebel_500,Garten
moebel_1000,Garten
moebel_840,Garten
moebel_1073,Garten
moebel_9043,Garten
moebel_9047,Garten
moebel_9050,Garten
moebel_9045,Garten
moebel_9046,Garten
moebel_9049,Garten
moebel_9048,Garten
moebel_494,Garten
moebel_350,Garten
moebel_477,Garten
moebel_480,Garten
moebel_9038,Garten
moebel_476,Garten
moebel_240,Garten
moebel_478,Garten
moebel_1074,Garten
moebel_1060,Garten
moebel_493,Garten
moebel_9007,Garten
moebel_9006,Garten
moebel_4028,Garten
moebel_9012,Garten
moebel_841,Garten
moebel_4030,Garten
moebel_4041,Garten
moebel_354,Garten
moebel_503,Garten
moebel_504,Garten
moebel_505,Garten
moebel_502,Garten
moebel_626,Garten
moebel_1078,Garten
moebel_1077,Garten
moebel_1076,Garten
moebel_1075,Garten
moebel_1137,Garten
moebel_656,Garten
moebel_4053,Garten
moebel_4049,Garten
moebel_4050,Garten
moebel_4052,Garten
moebel_4051,Garten
moebel_624,Garten
moebel_1108,Garten
moebel_1110,Garten
moebel_1107,Garten
moebel_1109,Garten
moebel_858,Heimtextilien
moebel_330,Heimtextilien
moebel_417,Heimtextilien
moebel_729,Heimtextilien
moebel_630,Heimtextilien
moebel_179,Heimtextilien
moebel_897,Heimtextilien
moebel_919,Heimtextilien
moebel_920,Heimtextilien
moebel_194,Heimtextilien
moebel_902,Heimtextilien
moebel_899,Heimtextilien
moebel_901,Heimtextilien
moebel_898,Heimtextilien
moebel_52,Heimtextilien
moebel_659,Heimtextilien
moebel_905,Heimtextilien
moebel_658,Heimtextilien
moebel_664,Heimtextilien
moebel_661,Heimtextilien
moebel_134,Heimtextilien
moebel_170,Heimtextilien
moebel_310,Heimtextilien
moebel_677,Heimtextilien
moebel_678,Heimtextilien
moebel_135,Heimtextilien
moebel_665,Heimtextilien
moebel_660,Heimtextilien
moebel_196,Heimtextilien
moebel_646,Heimtextilien
moebel_899,Heimtextilien
moebel_645,Heimtextilien
moebel_647,Heimtextilien
moebel_662,Heimtextilien
moebel_663,Heimtextilien
moebel_191,Heimtextilien
moebel_293,Heimtextilien
moebel_857,Heimtextilien
moebel_1212,Heimtextilien
moebel_740,Heimtextilien
moebel_868,Heimtextilien
moebel_860,Heimtextilien
moebel_863,Heimtextilien
moebel_864,Heimtextilien
moebel_861,Heimtextilien
moebel_246,Heimtextilien
moebel_418,Heimtextilien
moebel_731,Heimtextilien
moebel_747,Heimtextilien
moebel_1299,Heimtextilien
moebel_754,Heimtextilien
moebel_136,Heimtextilien
moebel_622,Heimtextilien
moebel_869,Heimtextilien
moebel_875,Heimtextilien
moebel_870,Heimtextilien
moebel_874,Heimtextilien
moebel_873,Heimtextilien
moebel_866,Heimtextilien
moebel_867,Heimtextilien
moebel_872,Heimtextilien
moebel_871,Heimtextilien
moebel_513,Heimtextilien
moebel_900,Heimtextilien
moebel_1116,Heimtextilien
moebel_878,Heimtextilien
moebel_879,Heimtextilien
moebel_305,Heimtextilien
moebel_877,Heimtextilien
moebel_880,Heimtextilien
moebel_891,Heimtextilien
moebel_881,Heimtextilien
moebel_894,Heimtextilien
moebel_657,Heimtextilien
moebel_1217,Heimtextilien
moebel_1214,Heimtextilien
moebel_1215,Heimtextilien
moebel_1216,Heimtextilien
moebel_24,Kinder
moebel_9086,Kinder
moebel_9087,Kinder
moebel_9088,Kinder
moebel_201,Kinder
moebel_214,Kinder
moebel_233,Kinder
moebel_629,Kinder
moebel_4058,Kinder
moebel_157,Kinder
moebel_745,Kinder
moebel_213,Kinder
moebel_596,Kinder
moebel_9062,Kinder
moebel_746,Kinder
moebel_613,Kinder
moebel_615,Kinder
moebel_9085,Kinder
moebel_63,Kinder
moebel_72,Kinder
moebel_67,Kinder
moebel_597,Kinder
moebel_70,Kinder
moebel_66,Kinder
moebel_71,Kinder
moebel_69,Kinder
moebel_68,Kinder
moebel_203,Kinder
moebel_256,Kinder
moebel_255,Kinder
moebel_254,Kinder
moebel_202,Kinder
moebel_251,Kinder
moebel_253,Kinder
moebel_270,Kinder
moebel_9090,Kinder
moebel_9095,Kinder
moebel_9098,Kinder
moebel_9099,Kinder
moebel_204,Kinder
moebel_200,Kinder
moebel_207,Kinder
moebel_771,Kinder
moebel_767,Kinder
moebel_768,Kinder
moebel_765,Kinder
moebel_766,Kinder
moebel_769,Kinder
moebel_687,Kinder
moebel_303,Kinder
moebel_299,Kinder
moebel_772,Kinder
moebel_614,Kinder
moebel_770,Kinder
moebel_208,Kinder
moebel_644,Kinder
moebel_9079,Kinder
moebel_311,Kinder
moebel_902,Kinder
moebel_310,Kinder
moebel_305,Kinder
moebel_9077,Kinder
moebel_9082,Kinder
moebel_9083,Kinder
moebel_9084,Kinder
moebel_25,Küche & Esszimmer
moebel_638,Küche & Esszimmer
moebel_1266,Küche & Esszimmer
moebel_1263,Küche & Esszimmer
moebel_1265,Küche & Esszimmer
moebel_859,Küche & Esszimmer
moebel_388,Küche & Esszimmer
moebel_584,Küche & Esszimmer
moebel_1272,Küche & Esszimmer
moebel_620,Küche & Esszimmer
moebel_392,Küche & Esszimmer
moebel_393,Küche & Esszimmer
moebel_1273,Küche & Esszimmer
moebel_369,Küche & Esszimmer
moebel_1233,Küche & Esszimmer
moebel_1234,Küche & Esszimmer
moebel_1230,Küche & Esszimmer
moebel_1231,Küche & Esszimmer
moebel_1229,Küche & Esszimmer
moebel_1232,Küche & Esszimmer
moebel_364,Küche & Esszimmer
moebel_1237,Küche & Esszimmer
moebel_1238,Küche & Esszimmer
moebel_1236,Küche & Esszimmer
moebel_1235,Küche & Esszimmer
moebel_373,Küche & Esszimmer
moebel_1294,Küche & Esszimmer
moebel_1293,Küche & Esszimmer
moebel_621,Küche & Esszimmer
moebel_1298,Küche & Esszimmer
moebel_320,Küche & Esszimmer
moebel_640,Küche & Esszimmer
moebel_802,Küche & Esszimmer
moebel_684,Küche & Esszimmer
moebel_708,Küche & Esszimmer
moebel_376,Küche & Esszimmer
moebel_785,Küche & Esszimmer
moebel_786,Küche & Esszimmer
moebel_799,Küche & Esszimmer
moebel_521,Küche & Esszimmer
moebel_801,Küche & Esszimmer
moebel_800,Küche & Esszimmer
moebel_378,Küche & Esszimmer
moebel_756,Küche & Esszimmer
moebel_887,Küche & Esszimmer
moebel_888,Küche & Esszimmer
moebel_892,Küche & Esszimmer
moebel_318,Küche & Esszimmer
moebel_54,Küche & Esszimmer
moebel_57,Küche & Esszimmer
moebel_857,Küche & Esszimmer
moebel_1212,Küche & Esszimmer
moebel_740,Küche & Esszimmer
moebel_868,Küche & Esszimmer
moebel_860,Küche & Esszimmer
moebel_863,Küche & Esszimmer
moebel_864,Küche & Esszimmer
moebel_861,Küche & Esszimmer
moebel_246,Küche & Esszimmer
moebel_321,Küche & Esszimmer
moebel_372,Küche & Esszimmer
moebel_369,Küche & Esszimmer
moebel_1233,Küche & Esszimmer
moebel_1234,Küche & Esszimmer
moebel_1230,Küche & Esszimmer
moebel_1231,Küche & Esszimmer
moebel_1229,Küche & Esszimmer
moebel_1232,Küche & Esszimmer
moebel_364,Küche & Esszimmer
moebel_1237,Küche & Esszimmer
moebel_1238,Küche & Esszimmer
moebel_1236,Küche & Esszimmer
moebel_1235,Küche & Esszimmer
moebel_373,Küche & Esszimmer
moebel_1294,Küche & Esszimmer
moebel_1293,Küche & Esszimmer
moebel_621,Küche & Esszimmer
moebel_637,Küche & Esszimmer
moebel_1297,Küche & Esszimmer
moebel_1296,Küche & Esszimmer
moebel_1301,Küche & Esszimmer
moebel_1302,Küche & Esszimmer
moebel_374,Küche & Esszimmer
moebel_367,Küche & Esszimmer
moebel_366,Küche & Esszimmer
moebel_1248,Küche & Esszimmer
moebel_1241,Küche & Esszimmer
moebel_1247,Küche & Esszimmer
moebel_1240,Küche & Esszimmer
moebel_1242,Küche & Esszimmer
moebel_1243,Küche & Esszimmer
moebel_1246,Küche & Esszimmer
moebel_1244,Küche & Esszimmer
moebel_622,Küche & Esszimmer
moebel_869,Küche & Esszimmer
moebel_875,Küche & Esszimmer
moebel_870,Küche & Esszimmer
moebel_874,Küche & Esszimmer
moebel_873,Küche & Esszimmer
moebel_866,Küche & Esszimmer
moebel_867,Küche & Esszimmer
moebel_872,Küche & Esszimmer
moebel_871,Küche & Esszimmer
moebel_921,Küche & Esszimmer
moebel_790,Küche & Esszimmer
moebel_788,Küche & Esszimmer
moebel_382,Küche & Esszimmer
moebel_9002,Küche & Esszimmer
moebel_789,Küche & Esszimmer
moebel_314,Küche & Esszimmer
moebel_742,Küche & Esszimmer
moebel_371,Küche & Esszimmer
moebel_368,Küche & Esszimmer
moebel_9001,Küche & Esszimmer
moebel_381,Küche & Esszimmer
moebel_791,Küche & Esszimmer
moebel_1264,Küche & Esszimmer
moebel_386,Küche & Esszimmer
moebel_792,Küche & Esszimmer
moebel_806,Küche & Esszimmer
moebel_9037,Küche & Esszimmer
moebel_1262,Küche & Esszimmer
moebel_793,Küche & Esszimmer
moebel_384,Küche & Esszimmer
moebel_1274,Küche & Esszimmer
moebel_4039,Küche & Esszimmer
moebel_379,Küche & Esszimmer
moebel_323,Küche & Esszimmer
moebel_356,Küche & Esszimmer
moebel_359,Küche & Esszimmer
moebel_358,Küche & Esszimmer
moebel_357,Küche & Esszimmer
moebel_675,Küche & Esszimmer
moebel_317,Küche & Esszimmer
moebel_757,Küche & Esszimmer
moebel_8965,Küche & Esszimmer
moebel_380,Küche & Esszimmer
moebel_686,Küche & Esszimmer
moebel_385,Küche & Esszimmer
moebel_4559,Küche & Esszimmer
moebel_639,Küche & Esszimmer
moebel_924,Küche & Esszimmer
moebel_657,Küche & Esszimmer
moebel_1217,Küche & Esszimmer
moebel_1214,Küche & Esszimmer
moebel_1215,Küche & Esszimmer
moebel_1216,Küche & Esszimmer
moebel_923,Küche & Esszimmer
moebel_322,Küche & Esszimmer
moebel_361,Küche & Esszimmer
moebel_363,Küche & Esszimmer
moebel_688,Küche & Esszimmer
moebel_603,Küche & Esszimmer
moebel_884,Küche & Esszimmer
moebel_8915,Küche & Esszimmer
moebel_885,Küche & Esszimmer
moebel_886,Küche & Esszimmer
moebel_316,Küche & Esszimmer
moebel_685,Küche & Esszimmer
moebel_534,Küche & Esszimmer
moebel_375,Küche & Esszimmer
moebel_319,Küche & Esszimmer
moebel_388,Küche & Esszimmer
moebel_442,Küche & Esszimmer
moebel_8959,Küche & Esszimmer
moebel_577,Küche & Esszimmer
moebel_389,Küche & Esszimmer
moebel_579,Küche & Esszimmer
moebel_387,Küche & Esszimmer
moebel_29,Lampen
moebel_271,Lampen
moebel_726,Lampen
moebel_725,Lampen
moebel_556,Lampen
moebel_4218,Lampen
moebel_727,Lampen
moebel_557,Lampen
moebel_555,Lampen
moebel_724,Lampen
moebel_728,Lampen
moebel_269,Lampen
moebel_268,Lampen
moebel_558,Lampen
moebel_278,Lampen
moebel_265,Lampen
moebel_619,Lampen
moebel_548,Lampen
moebel_277,Lampen
moebel_718,Lampen
moebel_272,Lampen
moebel_270,Lampen
moebel_9090,Lampen
moebel_9095,Lampen
moebel_9098,Lampen
moebel_9099,Lampen
moebel_732,Lampen
moebel_733,Lampen
moebel_734,Lampen
moebel_273,Lampen
moebel_609,Lampen
moebel_926,Lampen
moebel_564,Lampen
moebel_719,Lampen
moebel_720,Lampen
moebel_563,Lampen
moebel_562,Lampen
moebel_262,Lampen
moebel_275,Lampen
moebel_759,Lampen
moebel_712,Lampen
moebel_717,Lampen
moebel_716,Lampen
moebel_714,Lampen
moebel_715,Lampen
moebel_713,Lampen
moebel_927,Lampen
moebel_266,Lampen
moebel_1226,Lampen
moebel_1114,Lampen
moebel_1113,Lampen
moebel_1140,Lampen
moebel_525,Lampen
moebel_549,Lampen
moebel_263,Lampen
moebel_23,Schlafen
moebel_172,Schlafen
moebel_658,Schlafen
moebel_664,Schlafen
moebel_191,Schlafen
moebel_164,Schlafen
moebel_46,Schlafen
moebel_156,Schlafen
moebel_4004,Schlafen
moebel_158,Schlafen
moebel_4002,Schlafen
moebel_153,Schlafen
moebel_159,Schlafen
moebel_155,Schlafen
moebel_157,Schlafen
moebel_9089,Schlafen
moebel_745,Schlafen
moebel_4582,Schlafen
moebel_837,Schlafen
moebel_650,Schlafen
moebel_9054,Schlafen
moebel_161,Schlafen
moebel_649,Schlafen
moebel_652,Schlafen
moebel_651,Schlafen
moebel_4008,Schlafen
moebel_154,Schlafen
moebel_179,Schlafen
moebel_897,Schlafen
moebel_919,Schlafen
moebel_920,Schlafen
moebel_194,Schlafen
moebel_902,Schlafen
moebel_899,Schlafen
moebel_901,Schlafen
moebel_898,Schlafen
moebel_196,Schlafen
moebel_646,Schlafen
moebel_899,Schlafen
moebel_645,Schlafen
moebel_647,Schlafen
moebel_51,Schlafen
moebel_141,Schlafen
moebel_909,Schlafen
moebel_910,Schlafen
moebel_911,Schlafen
moebel_912,Schlafen
moebel_9063,Schlafen
moebel_913,Schlafen
moebel_519,Schlafen
moebel_518,Schlafen
moebel_139,Schlafen
moebel_916,Schlafen
moebel_915,Schlafen
moebel_914,Schlafen
moebel_48,Schlafen
moebel_149,Schlafen
moebel_148,Schlafen
moebel_4065,Schlafen
moebel_4064,Schlafen
moebel_47,Schlafen
moebel_8999,Schlafen
moebel_168,Schlafen
moebel_9000,Schlafen
moebel_165,Schlafen
moebel_166,Schlafen
moebel_4574,Schlafen
moebel_163,Schlafen
moebel_648,Schlafen
moebel_167,Schlafen
moebel_164,Schlafen
moebel_169,Schlafen
moebel_755,Schlafen
moebel_50,Schlafen
moebel_142,Schlafen
moebel_143,Schlafen
moebel_681,Schlafen
moebel_146,Schlafen
moebel_145,Schlafen
moebel_903,Schlafen
moebel_265,Schlafen
moebel_619,Schlafen
moebel_548,Schlafen
moebel_277,Schlafen
moebel_272,Schlafen
moebel_1114,Schlafen
moebel_732,Schlafen
moebel_733,Schlafen
moebel_734,Schlafen
moebel_1113,Schlafen
moebel_273,Schlafen
moebel_609,Schlafen
moebel_926,Schlafen
moebel_564,Schlafen
moebel_719,Schlafen
moebel_720,Schlafen
moebel_563,Schlafen
moebel_562,Schlafen
moebel_1140,Schlafen
moebel_262,Schlafen
moebel_275,Schlafen
moebel_759,Schlafen
moebel_712,Schlafen
moebel_717,Schlafen
moebel_716,Schlafen
moebel_714,Schlafen
moebel_715,Schlafen
moebel_713,Schlafen
moebel_263,Schlafen
moebel_595,Schlafen
moebel_1115,Schlafen
moebel_1116,Schlafen
moebel_879,Schlafen
moebel_877,Schlafen
moebel_881,Schlafen
moebel_9,Wohnen
moebel_859,Wohnen
moebel_388,Wohnen
moebel_584,Wohnen
moebel_1272,Wohnen
moebel_620,Wohnen
moebel_392,Wohnen
moebel_393,Wohnen
moebel_917,Wohnen
moebel_961,Wohnen
moebel_677,Wohnen
moebel_135,Wohnen
moebel_857,Wohnen
moebel_1212,Wohnen
moebel_740,Wohnen
moebel_868,Wohnen
moebel_860,Wohnen
moebel_863,Wohnen
moebel_864,Wohnen
moebel_861,Wohnen
moebel_246,Wohnen
moebel_136,Wohnen
moebel_622,Wohnen
moebel_869,Wohnen
moebel_875,Wohnen
moebel_870,Wohnen
moebel_874,Wohnen
moebel_873,Wohnen
moebel_866,Wohnen
moebel_867,Wohnen
moebel_872,Wohnen
moebel_871,Wohnen
moebel_9057,Wohnen
moebel_9058,Wohnen
moebel_9059,Wohnen
moebel_9061,Wohnen
moebel_9060,Wohnen
moebel_65,Wohnen
moebel_90,Wohnen
moebel_1010,Wohnen
moebel_1011,Wohnen
moebel_1012,Wohnen
moebel_1014,Wohnen
moebel_1013,Wohnen
moebel_87,Wohnen
moebel_86,Wohnen
moebel_4103,Wohnen
moebel_88,Wohnen
moebel_89,Wohnen
moebel_9067,Wohnen
moebel_9074,Wohnen
moebel_9072,Wohnen
moebel_9075,Wohnen
moebel_9073,Wohnen
moebel_922,Wohnen
moebel_813,Wohnen
moebel_817,Wohnen
moebel_820,Wohnen
moebel_819,Wohnen
moebel_814,Wohnen
moebel_815,Wohnen
moebel_816,Wohnen
moebel_818,Wohnen
moebel_821,Wohnen
moebel_822,Wohnen
moebel_827,Wohnen
moebel_828,Wohnen
moebel_826,Wohnen
moebel_829,Wohnen
moebel_825,Wohnen
moebel_824,Wohnen
moebel_823,Wohnen
moebel_830,Wohnen
moebel_831,Wohnen
moebel_832,Wohnen
moebel_835,Wohnen
moebel_833,Wohnen
moebel_834,Wohnen
moebel_809,Wohnen
moebel_810,Wohnen
moebel_811,Wohnen
moebel_812,Wohnen
moebel_666,Wohnen
moebel_683,Wohnen
moebel_838,Wohnen
moebel_682,Wohnen
moebel_35,Wohnen
moebel_680,Wohnen
moebel_128,Wohnen
moebel_681,Wohnen
moebel_146,Wohnen
moebel_145,Wohnen
moebel_9055,Wohnen
moebel_9056,Wohnen
moebel_13,Wohnen
moebel_928,Wohnen
moebel_98,Wohnen
moebel_101,Wohnen
moebel_103,Wohnen
moebel_100,Wohnen
moebel_99,Wohnen
moebel_844,Wohnen
moebel_102,Wohnen
moebel_61,Wohnen
moebel_1211,Wohnen
moebel_631,Wohnen
moebel_594,Wohnen
moebel_528,Wohnen
moebel_77,Wohnen
moebel_592,Wohnen
moebel_850,Wohnen
moebel_80,Wohnen
moebel_527,Wohnen
moebel_751,Wohnen
moebel_34,Wohnen
moebel_4054,Wohnen
moebel_4074,Wohnen
moebel_4036,Wohnen
moebel_454,Wohnen
moebel_4182,Wohnen
moebel_457,Wohnen
moebel_680,Wohnen
moebel_118,Wohnen
moebel_4026,Wohnen
moebel_455,Wohnen
moebel_4057,Wohnen
moebel_145,Wohnen
moebel_458,Wohnen
moebel_753,Wohnen
moebel_4067,Wohnen
moebel_4072,Wohnen
moebel_4069,Wohnen
moebel_4068,Wohnen
moebel_679,Wohnen
moebel_603,Wohnen
moebel_884,Wohnen
moebel_8915,Wohnen
moebel_885,Wohnen
moebel_886,Wohnen
moebel_667,Wohnen
moebel_683,Wohnen
moebel_838,Wohnen
moebel_9051,Wohnen
moebel_4001,Wohnen
moebel_9053,Wohnen
moebel_4037,Wohnen
moebel_128,Wohnen
moebel_681,Wohnen
moebel_146,Wohnen
moebel_145,Wohnen
moebel_4038,Wohnen
moebel_12,Wohnen
moebel_585,Wohnen
moebel_448,Wohnen
moebel_96,Wohnen
moebel_94,Wohnen
moebel_14,Wohnen
moebel_509,Wohnen
moebel_104,Wohnen
moebel_108,Wohnen
moebel_107,Wohnen
moebel_106,Wohnen
moebel_593,Wohnen
moebel_105,Wohnen
moebel_847,Wohnen
moebel_845,Wohnen
moebel_195,Wohnen
moebel_900,Wohnen
moebel_878,Wohnen
moebel_879,Wohnen
moebel_877,Wohnen
moebel_880,Wohnen
moebel_891,Wohnen
moebel_894,Wohnen
moebel_11,Wohnen
moebel_55,Wohnen
moebel_53,Wohnen
moebel_54,Wohnen
moebel_965,Wohnen
moebel_1255,Wohnen
moebel_632,Wohnen
moebel_657,Wohnen
moebel_1217,Wohnen
moebel_1214,Wohnen
moebel_1215,Wohnen
moebel_1216,Wohnen
moebel_56,Wohnen
moebel_752,Wohnen
moebel_653,Wohnen
moebel_79,Wohnen
moebel_854,Wohnen
moebel_4112,Wohnen
moebel_852,Wohnen
moebel_855,Wohnen
moebel_851,Wohnen
moebel_9071,Wohnen
moebel_889,Wohnen
moebel_265,Wohnen
moebel_619,Wohnen
moebel_548,Wohnen
moebel_277,Wohnen
moebel_272,Wohnen
moebel_732,Wohnen
moebel_733,Wohnen
moebel_734,Wohnen
moebel_273,Wohnen
moebel_609,Wohnen
moebel_926,Wohnen
moebel_564,Wohnen
moebel_719,Wohnen
moebel_720,Wohnen
moebel_563,Wohnen
moebel_562,Wohnen
moebel_262,Wohnen
moebel_275,Wohnen
moebel_759,Wohnen
moebel_712,Wohnen
moebel_717,Wohnen
moebel_716,Wohnen
moebel_714,Wohnen
moebel_715,Wohnen
moebel_713,Wohnen
moebel_266,Wohnen
moebel_1226,Wohnen
moebel_1114,Wohnen
moebel_1113,Wohnen
moebel_1140,Wohnen
moebel_525,Wohnen
moebel_549,Wohnen
moebel_263,Wohnen
moebel_4556,Wohnen
moebel_8909,Wohnen
moebel_950,Wohnen
